id,url,language,label,notes
1,https://istreameast.app/,,,
2,https://librefutboltv.su/,,,
3,https://livetv.sx/,,,
4,https://www.livesports088.com/,,,
5,https://sportplus.live/,,,
6,https://streamed.pk/,,,
7,https://www.vipbox.lc/,,,
8,https://www.pirlotv2.pl/,,,
9,https://www.rojadirectaenvivo.pl/,,,
10,https://sportsurge.net/,,,
11,https://streamsports99.su/,,,
12,https://www.watchfooty.st/en,,,
13,https://dlstreams.top/,,,
14,https://ppv.cx/,,,
15,https://hoofoot.ru/,,,
16,https://totalsportek.events/,,,
17,https://olympicstreams.co/,,,
18,https://dlstreams.top/24-7-channels.php,,,
19,https://ntv.cx/,,,
20,https://streamfree.app/,,,
21,https://daddylive.cv/,,,
22,https://streamcorner.info/,,,
23,https://crichd.at/,,,
24,https://www.fctv33.biz/,,,
25,https://720pstreams.tv/,,,
26,https://footfy.net/,,,
27,https://footstreams.xyz/,,,
28,https://www.livehdtv.com/,,,
29,https://tvfreedom.pages.dev/,,,
30,https://www.fctv33.one/,,,
31,https://acestrlms.pages.dev/,,,
32,https://sportontv.biz/,,,
33,https://foothubhd.info/,,,
34,https://angulismotv-dnh.pages.dev/,,,
35,https://streamtp10.com/,,,
36,https://la14hd.com/,,,
37,https://www.yallashootspro.com/,,,
38,https://tv1.buzkora.live/,,,
39,https://yallalive.news/yalla-shoot-io/,,,
40,https://ikoralive.com/home2/,,,
41,https://www.syria-live.tv/yalla-shoot/,,,
42,https://www.okkora.com/,,,
43,https://shahid-koora.live/,,,
44,https://www.livehhd7.live/,,,
45,https://livehd77.pro/,,,
46,https://www.okkora-live.com/home_7/,,,
47,https://www.mpokora-online.net/,,,
48,https://coolkora.io/matche-today-new-18873/,,,
49,https://yala19a.maxsp0orts.com/,,,
50,https://www.kora-show.com/index1/,,,
51,https://elfares-live.net/elfares-live/,,,
52,https://www.yalla-shoot-live.today/,,,
53,https://koooracity.com/home_6/,,,
54,https://www.syrialives.io/matches-today/,,,
55,https://kooora2day.online/,,,
56,https://www.benacertv.cc/,,,
57,https://shootz.yallashoot.club/matches-today_1/,,,
58,https://www.yalla-shoot-ssa.com/ksa/,,,
59,http://www.fawanews.sc/,,,
60,https://www.dotspor.com/,,,
61,https://www.yalla-shoo.com/matches-today/,,,
62,https://yalla-hagma.com/,,,
63,https://live.best-goal.live/,,,
64,https://kooora-new.com/home38/,,,
65,https://www.yalla-sport.net/,,,
66,https://www.fil-kora.com/matches-today/,,,
67,https://yalla-live.in/yallasport/,,,
68,https://www.koorah.live/,,,
69,https://www.koora-city.com/,,,
70,https://www.koraonlineplus.com/,,,
71,https://www.live-match.tv/,,,
72,https://www.live-score.tv/,,,
73,https://www.kooratimes.com/,,,
74,https://www.mga4k.io/,,,
75,https://www.rojadirectaenvivo.pl/home2.php,,,
76,https://www.hd-4kkora-live.live/,,,
77,https://www.livehd7.sx/live7-hd/,,,
78,https://thewormsworld.com/,,,
79,https://www.kora4free.com/,,,
80,https://www.tv-yalla-shoot.com/matches-today_1/,,,
81,https://www.yallasho8l.com/matches-today/,,,
82,https://www.kora-online.club/matches-today/,,,
83,https://goal-koora.com/,,,
84,https://yacine.biz/,,,
85,https://espnlive.net/,,,
86,https://www.kooora4lives.now/,,,
87,https://go4kora.io/main/,,,
88,https://yalla-hagma.com/%d9%85%d8%b4%d8%a7%d9%87%d8%af%d8%a9-%d9%85%d8%a8%d8%a7%d8%b1%d9%8a%d8%a7%d8%aa-%d8%a7%d9%84%d9%8a%d9%88%d9%85-%d8%a8%d8%ab-%d9%85%d8%a8%d8%a7%d8%b4%d8%b1-hd-%d8%a8%d8%af%d9%88%d9%86-%d8%aa%d9%82,,,
89,https://www.koora24.live/,,,
90,https://www.koora-click.live/,,,
91,https://www.thewormsaworld.com/,,,
92,https://www.tv-yalla-shoot.com/is_home1/,,,
93,https://www.yalla-shootu.live/matches-todays/,,,
94,https://www.korasport.tv/,,,
95,https://yalla-shoots24.com/,,,
96,https://www.koralive-online.com/,,,
97,https://kooraonline.pro/matche-today/,,,
98,https://www.livekora.vip/,,,
99,https://www.koora-live.net/,,,
100,https://shoot.koora-livee.com/,,,
101,https://www.koora360.live/,,,
102,https://www.koralivepro.com/,,,
103,https://bein-match.net/homepage13-new-34243/,,,
104,https://yalla-shoot.cx/,,,
105,https://www.kora-sat.com/,,,
106,https://www.koora4livematch.site/matches-today/,,,
107,https://kora-star-live.com/,,,
108,https://cora.newyalla-goal.com/,,,
109,https://www.okkoora.com/matches-today/,,,
110,https://m.livetv.sx/frx/,,,
111,https://s.tqwemnow.com/,,,
112,https://www.go4koraa.com/,,,
113,https://www.kooora4us.tv/,,,
114,https://yalla-hagma.com/%d8%b3%d9%88%d8%b1%d9%8a%d8%a7-%d9%84%d8%a7%d9%8a%d9%81-%d8%a8%d8%ab-%d9%85%d8%a8%d8%a7%d8%b4%d8%b1-%d9%85%d8%a8%d8%a7%d8%b1%d9%8a%d8%a7%d8%aa-%d8%a7%d9%84%d9%8a%d9%88%d9%85-%d8%a8%d8%ac%d9%88%d8%af,,,
115,https://mls.newyallashoot.com/home2/,,,
116,https://yallalive.sx/,,,
117,https://yalla-shoot-vip.com/,,,
118,https://w.livehd7.blog/u8-new-35264/,,,
119,https://www.footybite.to/,,,
120,https://egyball2.com/match,,,
121,https://www.be4stream.top/,,,
122,https://hes-goal.app/,,,
123,https://www.yalshoot.com/matches-today/,,,
124,https://yalla-hagma.com/%d9%83%d9%88%d8%b1%d8%a9-%d8%a7%d9%88%d9%86-%d9%84%d8%a7%d9%8a%d9%86-kora-online-%d9%85%d8%b4%d8%a7%d9%87%d8%af%d8%a9-%d9%85%d8%a8%d8%a7%d8%b1%d9%8a%d8%a7%d8%aa-%d8%a7%d9%84%d9%8a%d9%88%d9%85,,,
125,https://yalla-shoot.as/yallasport/,,,
126,https://www.go4koraa.com/live/,,,
127,https://www.yalla-shoot.cv/,,,
128,https://go4koora.net/,,,
129,https://yallashooot-tv.com/,,,
130,https://www.livehd7.sx/yallashoot/,,,
131,https://www.mykoratv.com/,,,
132,https://bein4kora.com/koora/,,,
133,https://livehd7.online/,,,
134,https://www.yalla-shoot-tv.onl/matches-today/,,,
135,https://yalla-hagma.com/%d8%a8%d9%86%d8%a7%d8%b5%d8%b1-%d8%aa%d9%8a%d9%81%d9%8a-%d8%a8%d8%ab-%d9%85%d8%a8%d8%a7%d8%b4%d8%b1-%d9%85%d8%a8%d8%a7%d8%b1%d9%8a%d8%a7%d8%aa-%d8%a7%d9%84%d9%8a%d9%88%d9%85-%d8%a8%d8%af%d9%88%d9%86,,,
136,https://yala-shoot-tv.live/koora-shoot/,,,
137,https://www.yalla1shoot.com/matches-today_6/,,,
138,https://kooora.yalla--live.net/,,,
139,https://www.kooooralives.com/,,,
140,https://www.matchat-yalla-shoot.com/matches-today/,,,
141,https://kora-online-tv.me/,,,
142,https://yacineapp-tv.org/,,,
143,https://koora-goal-tv.com/,,,
144,https://koora10.com/matches-today/,,,
145,https://livehd77.pro/matches-today/,,,
146,https://yall-shot.com/,,,
147,https://www.okkora-live.com/home_4/,,,
148,https://w2.siiir.tv/,,,
149,https://kora-365.com/home/,,,
150,https://livee.koraon.com/home24/,,,
151,https://360kora.com/,,,
152,https://kora-365.com/,,,
153,https://can2025.aflam4you.net/home.html,,,
154,https://www.livehd7.sx/koora-shoot/,,,
155,https://yalla-shoot.as/yalla1shoot/,,,
156,https://dddd.alkoora.live/,,,
157,https://www.koooralivepro.info/,,,
158,https://www.shootkooralive.com/,,,
159,https://almstaba.com/tv/,,,
160,https://ahly.alsaudinews.com/,,,
161,https://www.as-goal.com/aa1/,,,
162,https://yalla-shoote.co/,,,
163,https://ayas.ir/,,,
164,https://app.live12.ir/,,,
165,https://bein-kora.com/home/,,,
166,https://beinmatch.fit/gooooo,,,
167,https://beinmatch1.live/match,,,
168,https://yallashooot.video/,,,
169,https://rwinakora.com/,,,
170,https://tv8k.vouills.com/,,,
171,http://duhoksport.com/,,,
172,https://egyball2.com/soccer,,,
173,https://eighty-eight.live/,,,
174,https://www.elahmad.com/tv/mobile-live-stream/,,,
175,https://elmatsh.com/,,,
176,https://flowcastapp.com/,,,
177,https://4k.go4kora.us/,,,
178,https://www.goalarab.org/mm2/,,,
179,https://www.yala-kora.live/,,,
180,https://yacinetv.vip/,,,
181,https://colkora.com/col-kora/,,,
182,https://live.tab3live.cc/,,,
183,https://hihi2.com/,,,
184,https://online-koora-live.com/,,,
185,https://bein-match.net/homepage12/,,,
186,https://www.kooora4lives.life/,,,
187,https://kooora4us.live/,,,
188,https://ilkoora.com/,,,
189,https://www.yalla-koora.live/,,,
190,https://koora-live-online.store/,,,
191,https://koooracity.com/home_4/,,,
192,https://www.yalashooot.com/home1/,,,
193,https://kooragoal-live.live/,,,
194,https://live.kooragoal.org/,,,
195,https://kooralive.run/,,,
196,https://www.yallashoothi.online/,,,
197,https://www.kooralive-hd.com/,,,
198,https://ar.livekoora.app/,,,
199,https://www.kora360.online/,,,
200,https://www.kooralite.live/,,,
201,https://www.yaallashooot.com/,,,
202,https://www.koraonline.online/,,,
203,https://kooragol-tv.com/,,,
204,https://kora.el-kora-live.com/,,,
205,https://kora.live-koora.org/,,,
206,https://www.livesportonline.pro/,,,
207,https://www.lkora-live.com/,,,
208,https://tve.online-koratv.com/,,,
209,https://kora.fel3arda.live/,,,
210,https://liivekoora.live/,,,
211,https://www.koraalive.info/,,,
212,https://www.yousufraissi.pro/,,,
213,https://www.hhd7.live/,,,
214,https://www.koraa-live.com/,,,
215,https://livekoora.live/,,,
216,https://w.siiir.tv/,,,
217,https://www.livematch-tv.com/,,,
218,https://manuelpratt.net/,,,
219,https://www.yalla-shoot-tv-live.vip/,,,
220,https://yala11a.maxsp0orts.com/,,,
221,https://yallaasport.online/,,,
222,https://club.newyalla-goal.com/,,,
223,https://ksakoora.live-koora.live/,,,
224,https://www.yalla-shoot-tv.site/,,,
225,https://www.tv-yalla-shoot.com/tv-yalla-shoot_5/,,,
226,http://tvpure.net/,,,
227,https://qmedia.ps/,,,
228,https://shoofkoora.live/,,,
229,https://www.choufkora.com/,,,
230,https://smartkoora.com/,,,
231,https://www.kora-live.im/home_2/,,,
232,https://d.koorasports.com/,,,
233,https://www.syrialive.online/,,,
234,https://yala-live.com/tv2/,,,
235,https://tv96.egy4.com/,,,
236,https://www.aymanetv.com/,,,
237,https://www.tvnise.com/,,,
238,https://www.kooraliive.com/,,,
239,https://www.watchlivefootball.me.uk/,,,
240,https://yacine-tvv.live/,,,
241,https://www.kora-online-tv.com/home20/,,,
242,https://www.live-koora.tv/home/,,,
243,https://yalla-shoot-new.club/,,,
244,https://yallakora-live1.com/,,,
245,https://yalla-kurd.com/,,,
246,https://yallalive.cfd/,,,
247,https://ar.yalla--live.net/,,,
248,https://yallaliveonline.com/ar/,,,
249,https://bein.yalla-match.com/yalla-shoot-live/,,,
250,https://yalla-shoot.app/,,,
251,https://www.yallashoot.video/,,,
252,https://yallashoot.org/,,,
253,https://www.yallalive.plus/,,,
254,https://yallashootenglish.com/,,,
255,https://yalla-shoot.video/,,,
256,https://www.yallashotl.com/home1shoot,,,
257,https://www.yalla-shoot-ssa.com/shotz11/,,,
258,https://www.kora4live.top/,,,
259,https://yariga.live/,,,
260,https://www.hdd7.live/,,,
261,https://live-kora-online.tv/,,,
262,https://livee.koraon.com/home23/,,,
263,https://yalla-live.in/yallashoot-live/,,,
264,https://w.livehd7.blog/u8/,,,
265,https://www.koora3ala100.com/,,,
266,https://www.yallashoot.ink/,,,
267,https://1d9r2.com/soccer,,,
268,https://www.maaksport-tvnise.site/,,,
269,https://dlhd.dad,,,
270,https://www.koora-city.com,,,
271,https://istreameast.app/v3,,,
272,https://www.yallashoot.video/home3/,,,
273,https://yaciine-tv.online/,,,
